<?xml version="1.0" encoding="UTF-8"?>
<addon id="service.synclerminimizer" version="1.0.0" name="Syncler Minimizer" provider-name="SicMundus">
  <requires>
    <import addon="xbmc.python" version="3.0.0"/>
  </requires>
  <extension point="xbmc.service" library="default.py">
    <provides>service</provides>
  </extension>
  <extension point="xbmc.addon.metadata">
    <summary>Minimizes Kodi on playback end to return to syncler</summary>
    <description>Service addon to minimize Kodi on playback end.</description>
    <platform>android</platform>
    <language>en</language>
  </extension>
</addon>
